season,week,player,team,line,line_source,prizepicks_line,sportsbook_consensus,draftkings,fanduel,betmgm,betrivers,saved_at_utc
2026,1,Jeremiyah Love,ARI,9.5,Verified project history,,,,,,,seeded
2026,2,Jeremiyah Love,ARI,9.5,Verified project history,,,,,,,seeded
2026,3,Jeremiyah Love,ARI,11.5,Verified project history,,,,,,,seeded
2026,1,Bijan Robinson,ATL,18.5,Verified project history,,,,,,,seeded
2026,2,Bijan Robinson,ATL,18.5,Verified project history,,,,,,,seeded
2026,3,Bijan Robinson,ATL,18.5,Verified project history,,,,,,,seeded
2026,1,Derrick Henry,BAL,18.5,Verified project history,,,,,,,seeded
2026,2,Derrick Henry,BAL,19.5,Verified project history,,,,,,,seeded
2026,3,Derrick Henry,BAL,18.5,Verified project history,,,,,,,seeded
2026,1,James Cook III,BUF,16.5,Verified project history,,,,,,,seeded
2026,2,James Cook III,BUF,17.5,Verified project history,,,,,,,seeded
2026,3,James Cook III,BUF,17.5,Verified project history,,,,,,,seeded
2026,1,Chuba Hubbard,CAR,12.5,Verified project history,,,,,,,seeded
2026,2,Chuba Hubbard,CAR,13.5,Verified project history,,,,,,,seeded
2026,3,Chuba Hubbard,CAR,16.5,Verified project history,,,,,,,seeded
2026,1,D'Andre Swift,CHI,13.5,Verified project history,,,,,,,seeded
2026,2,D'Andre Swift,CHI,14.5,Verified project history,,,,,,,seeded
2026,3,D'Andre Swift,CHI,15.5,Verified project history,,,,,,,seeded
2026,1,Chase Brown,CIN,14.5,Verified project history,,,,,,,seeded
2026,2,Chase Brown,CIN,14.5,Verified project history,,,,,,,seeded
2026,3,Chase Brown,CIN,15.5,Verified project history,,,,,,,seeded
2026,1,Quinshon Judkins,CLE,15.5,Verified project history,,,,,,,seeded
2026,2,Quinshon Judkins,CLE,13.5,Verified project history,,,,,,,seeded
2026,3,Quinshon Judkins,CLE,16.5,Verified project history,,,,,,,seeded
2026,1,Javonte Williams,DAL,18.5,Verified project history,,,,,,,seeded
2026,2,Javonte Williams,DAL,17.5,Verified project history,,,,,,,seeded
2026,3,Javonte Williams,DAL,14.5,Verified project history,,,,,,,seeded
2026,1,J.K. Dobbins,DEN,11.5,Verified project history,,,,,,,seeded
2026,2,J.K. Dobbins,DEN,13.5,Verified project history,,,,,,,seeded
2026,3,J.K. Dobbins,DEN,12.5,Verified project history,,,,,,,seeded
2026,1,Jahmyr Gibbs,DET,18.5,Verified project history,,,,,,,seeded
2026,2,Jahmyr Gibbs,DET,18.5,Verified project history,,,,,,,seeded
2026,3,Jahmyr Gibbs,DET,18.5,Verified project history,,,,,,,seeded
2026,1,MarShawn Lloyd,GB,11.5,Verified project history,,,,,,,seeded
2026,2,MarShawn Lloyd,GB,13.5,Verified project history,,,,,,,seeded
2026,3,MarShawn Lloyd,GB,6.5,Verified project history,,,,,,,seeded
2026,1,David Montgomery,HOU,13.5,Verified project history,,,,,,,seeded
2026,2,David Montgomery,HOU,15.5,Verified project history,,,,,,,seeded
2026,3,David Montgomery,HOU,12.5,Verified project history,,,,,,,seeded
2026,1,Jonathan Taylor,IND,18.5,Verified project history,,,,,,,seeded
2026,2,Jonathan Taylor,IND,19.5,Verified project history,,,,,,,seeded
2026,3,Jonathan Taylor,IND,19.5,Verified project history,,,,,,,seeded
2026,1,Bhayshul Tuten,JAX,12.5,Verified project history,,,,,,,seeded
2026,2,Bhayshul Tuten,JAX,12.5,Verified project history,,,,,,,seeded
2026,3,Bhayshul Tuten,JAX,12.5,Verified project history,,,,,,,seeded
2026,1,Kenneth Walker III,KC,16.5,Verified project history,,,,,,,seeded
2026,2,Kenneth Walker III,KC,18.5,Verified project history,,,,,,,seeded
2026,3,Kenneth Walker III,KC,17.5,Verified project history,,,,,,,seeded
2026,1,Omarion Hampton,LAC,15.5,Verified project history,,,,,,,seeded
2026,2,Omarion Hampton,LAC,16.5,Verified project history,,,,,,,seeded
2026,3,Omarion Hampton,LAC,15.5,Verified project history,,,,,,,seeded
2026,1,Kyren Williams,LAR,13.5,Verified project history,,,,,,,seeded
2026,2,Kyren Williams,LAR,13.5,Verified project history,,,,,,,seeded
2026,3,Kyren Williams,LAR,12.5,Verified project history,,,,,,,seeded
2026,1,Ashton Jeanty,LV,14.5,Verified project history,,,,,,,seeded
2026,2,Ashton Jeanty,LV,15.5,Verified project history,,,,,,,seeded
2026,3,Ashton Jeanty,LV,18.5,Verified project history,,,,,,,seeded
2026,1,De'Von Achane,MIA,15.5,Verified project history,,,,,,,seeded
2026,2,De'Von Achane,MIA,14.5,Verified project history,,,,,,,seeded
2026,3,De'Von Achane,MIA,15.5,Verified project history,,,,,,,seeded
2026,1,Aaron Jones Sr.,MIN,8.5,Verified project history,,,,,,,seeded
2026,2,Aaron Jones Sr.,MIN,13.5,Verified project history,,,,,,,seeded
2026,3,Aaron Jones Sr.,MIN,13.5,Verified project history,,,,,,,seeded
2026,1,Rhamondre Stevenson,NE,15.5,Verified project history,,,,,,,seeded
2026,2,Rhamondre Stevenson,NE,12.5,Verified project history,,,,,,,seeded
2026,3,Rhamondre Stevenson,NE,8.5,Verified project history,,,,,,,seeded
2026,1,Travis Etienne Jr.,NO,15.5,Verified project history,,,,,,,seeded
2026,2,Travis Etienne Jr.,NO,10.5,Verified project history,,,,,,,seeded
2026,3,Travis Etienne Jr.,NO,10.5,Verified project history,,,,,,,seeded
2026,1,Cam Skattebo,NYG,11.5,Verified project history,,,,,,,seeded
2026,2,Cam Skattebo,NYG,14.5,Verified project history,,,,,,,seeded
2026,3,Cam Skattebo,NYG,15.5,Verified project history,,,,,,,seeded
2026,1,Breece Hall,NYJ,16.5,Verified project history,,,,,,,seeded
2026,2,Breece Hall,NYJ,15.5,Verified project history,,,,,,,seeded
2026,3,Breece Hall,NYJ,14.5,Verified project history,,,,,,,seeded
2026,1,Saquon Barkley,PHI,17.5,Verified project history,,,,,,,seeded
2026,2,Saquon Barkley,PHI,18.5,Verified project history,,,,,,,seeded
2026,3,Saquon Barkley,PHI,17.5,Verified project history,,,,,,,seeded
2026,1,Jaylen Warren,PIT,10.5,Verified project history,,,,,,,seeded
2026,2,Jaylen Warren,PIT,10.5,Verified project history,,,,,,,seeded
2026,3,Jaylen Warren,PIT,15.5,Verified project history,,,,,,,seeded
2026,1,Christian McCaffrey,SF,15.5,Verified project history,,,,,,,seeded
2026,2,Christian McCaffrey,SF,14.5,Verified project history,,,,,,,seeded
2026,3,Christian McCaffrey,SF,13.5,Verified project history,,,,,,,seeded
2026,1,Bucky Irving,TB,14.5,Verified project history,,,,,,,seeded
2026,2,Bucky Irving,TB,15.5,Verified project history,,,,,,,seeded
2026,3,Bucky Irving,TB,14.5,Verified project history,,,,,,,seeded
2026,1,Tony Pollard,TEN,13.5,Verified project history,,,,,,,seeded
2026,2,Tony Pollard,TEN,11.5,Verified project history,,,,,,,seeded
2026,3,Tony Pollard,TEN,14.5,Verified project history,,,,,,,seeded
2026,1,Jacory Croskey-Merritt,WSH,10.5,Verified project history,,,,,,,seeded
2026,2,Jacory Croskey-Merritt,WSH,12.5,Verified project history,,,,,,,seeded
2026,3,Jacory Croskey-Merritt,WSH,10.5,Verified project history,,,,,,,seeded
2026,4,J.K. Dobbins,DEN,13.5,PrizePicks via The Odds API,13.5,13.5,13.5,,,,2026-10-01T16:15:52+00:00
2026,4,David Montgomery,HOU,12.0,PrizePicks via The Odds API,12.0,11.5,11.5,,,,2026-10-01T16:15:52+00:00
2026,4,Christian McCaffrey,SF,15.5,PrizePicks via The Odds API,15.5,15.5,15.5,,,,2026-10-01T16:15:52+00:00
2026,4,Jaylen Warren,PIT,17.5,PrizePicks via The Odds API,17.5,17.5,17.5,,,,2026-10-01T16:15:52+00:00
2026,4,Bucky Irving,TB,15.0,PrizePicks via The Odds API,15.0,16.0,15.5,,16.5,,2026-10-01T16:15:52+00:00
2026,4,Bijan Robinson,ATL,19.5,PrizePicks via The Odds API,19.5,19.5,19.5,,19.5,,2026-10-01T16:15:52+00:00
2026,4,Derrick Henry,BAL,19.5,PrizePicks via The Odds API,19.5,19.5,19.5,,,,2026-10-01T16:15:52+00:00
2026,4,Jeremiyah Love,ARI,15.5,PrizePicks via The Odds API,15.5,15.5,15.5,,15.5,,2026-10-01T16:15:52+00:00
2026,4,Cam Skattebo,NYG,16.5,PrizePicks via The Odds API,16.5,16.5,16.5,,16.5,,2026-10-01T16:15:52+00:00
2026,4,Quinshon Judkins,CLE,16.5,PrizePicks via The Odds API,16.5,16.5,16.5,,16.5,,2026-10-01T16:15:52+00:00
2026,4,Tony Pollard,TEN,13.0,PrizePicks via The Odds API,13.0,13.5,13.5,,,,2026-10-01T16:15:52+00:00
2026,4,Rhamondre Stevenson,NE,8.5,PrizePicks via The Odds API,8.5,8.5,8.5,,8.5,,2026-10-01T16:15:52+00:00
2026,4,Aaron Jones Sr.,MIN,17.5,PrizePicks via The Odds API,17.5,17.5,17.5,,,,2026-10-01T16:15:52+00:00
2026,4,Jahmyr Gibbs,DET,19.5,PrizePicks via The Odds API,19.5,19.5,19.5,,,,2026-10-01T16:15:52+00:00
2026,4,James Cook III,BUF,17.5,PrizePicks via The Odds API,17.5,17.5,17.5,,,,2026-10-01T16:15:52+00:00
2026,4,Javonte Williams,DAL,15.5,PrizePicks via The Odds API,15.5,15.5,15.5,,15.5,,2026-10-01T16:15:52+00:00
2026,4,Chuba Hubbard,CAR,16.5,PrizePicks via The Odds API,16.5,16.5,16.5,,,,2026-10-01T16:15:52+00:00
2026,4,D'Andre Swift,CHI,16.5,Sportsbook median via The Odds API,,16.5,16.5,,,,2026-10-01T16:15:52+00:00
2026,4,Omarion Hampton,LAC,13.5,PrizePicks via The Odds API,13.5,13.5,13.5,,,,2026-10-01T16:15:52+00:00
2026,4,Kenneth Walker III,KC,18.5,PrizePicks via The Odds API,18.5,18.5,18.5,,,,2026-10-01T16:15:52+00:00
2026,4,Ashton Jeanty,LV,16.5,PrizePicks via The Odds API,16.5,17.5,17.5,,,,2026-10-01T16:15:52+00:00
2026,4,Bhayshul Tuten,JAX,12.5,Sportsbook median via The Odds API,,12.5,12.5,,,,2026-10-01T16:15:52+00:00
2026,4,Chase Brown,CIN,16.5,PrizePicks via The Odds API,16.5,16.5,16.5,,,,2026-10-01T16:15:52+00:00
