season,week,rank,player,team,opponent,og_score,tier,prior_share,latest_share,share_change,opp_rb_carries_pg,source,trend_rank,trend_percentile,defense_rank,defense_percentile,rank_population,trend_contribution,defense_contribution
2026,4,1,J.K. Dobbins,DEN,SF,85.9375,A+,0.4761904761904761,0.85,0.3738095238095238,24.666666666666668,Seeded original 50/50 model,31.0,0.953125,25.0,0.765625,32,47.65625,38.28125
2026,4,2,David Montgomery,HOU,DAL,85.9375,A+,0.4285714285714285,0.6875,0.2589285714285714,26.33333333333333,Seeded original 50/50 model,26.0,0.796875,30.0,0.921875,32,39.84375,46.09375
2026,4,3,Kyren Williams,LAR,PHI,82.8125,A,0.5,0.7142857142857143,0.2142857142857143,25.666666666666668,Seeded original 50/50 model,25.0,0.765625,29.0,0.890625,32,38.28125,44.53125
2026,4,4,Christian McCaffrey,SF,DEN,81.25,A,0.4761904761904761,0.7894736842105263,0.3132832080200501,24.666666666666668,Seeded original 50/50 model,28.0,0.859375,25.0,0.765625,32,42.96875,38.28125
2026,4,5,Jaylen Warren,PIT,CLE,73.4375,B+,0.55,0.8947368421052632,0.3447368421052631,23.0,Seeded original 50/50 model,29.0,0.890625,19.0,0.578125,32,44.53125,28.90625
2026,4,6,Bucky Irving,TB,GB,71.875,B+,0.8095238095238095,0.8333333333333334,0.0238095238095238,29.0,Seeded original 50/50 model,15.0,0.453125,32.0,0.984375,32,22.65625,49.21875
2026,4,7,Jacory Croskey-Merritt,WSH,IND,68.75,B+,0.5,0.7037037037037037,0.2037037037037037,24.0,Seeded original 50/50 model,24.0,0.734375,21.0,0.640625,32,36.71875,32.03125
2026,4,8,Saquon Barkley,PHI,LAR,67.1875,B+,0.1666666666666666,1.0,0.8333333333333334,21.0,Seeded original 50/50 model,32.0,0.984375,12.0,0.359375,32,49.21875,17.96875
2026,4,9,Bijan Robinson,ATL,NO,66.40625,B+,0.5925925925925926,0.7435897435897436,0.150997150997151,24.33333333333333,Seeded original 50/50 model,21.0,0.640625,22.5,0.6875,32,32.03125,34.375
2026,4,10,Derrick Henry,BAL,TEN,60.9375,B,0.8888888888888888,0.8387096774193549,-0.0501792114695339,28.666666666666668,Seeded original 50/50 model,9.0,0.265625,31.0,0.953125,32,13.28125,47.65625
2026,4,11,Jeremiyah Love,ARI,NYG,60.15625,B,0.5625,0.9130434782608696,0.3505434782608695,19.666666666666668,Seeded original 50/50 model,30.0,0.921875,9.5,0.28125,32,46.09375,14.0625
2026,4,12,Cam Skattebo,NYG,ARI,58.59375,B,0.631578947368421,0.6666666666666666,0.0350877192982456,24.33333333333333,Seeded original 50/50 model,16.0,0.484375,22.5,0.6875,32,24.21875,34.375
2026,4,13,Quinshon Judkins,CLE,PIT,57.8125,B,0.8,0.9473684210526316,0.1473684210526314,22.666666666666668,Seeded original 50/50 model,20.0,0.609375,18.0,0.546875,32,30.46875,27.34375
2026,4,14,Tony Pollard,TEN,BAL,57.8125,B,0.56,0.85,0.2899999999999999,20.666666666666668,Seeded original 50/50 model,27.0,0.828125,11.0,0.328125,32,41.40625,16.40625
2026,4,15,Emanuel Wilson,SEA,LAC,57.8125,B,0.5526315789473685,0.5294117647058824,-0.0232198142414861,25.33333333333333,Seeded original 50/50 model,10.0,0.296875,28.0,0.859375,32,14.84375,42.96875
2026,4,16,Rhamondre Stevenson,NE,BUF,57.8125,B,0.2727272727272727,0.3333333333333333,0.0606060606060606,23.33333333333333,Seeded original 50/50 model,18.0,0.546875,20.0,0.609375,32,27.34375,30.46875
2026,4,17,Aaron Jones Sr.,MIN,MIA,50.0,C,0.92,0.8095238095238095,-0.1104761904761905,25.0,Seeded original 50/50 model,6.0,0.171875,27.0,0.828125,32,8.59375,41.40625
2026,4,18,Jahmyr Gibbs,DET,CAR,43.75,C,0.9411764705882352,0.7692307692307693,-0.171945701357466,24.666666666666668,Seeded original 50/50 model,4.0,0.109375,25.0,0.765625,32,5.46875,38.28125
2026,4,19,MarShawn Lloyd,GB,TB,43.75,C,0.3333333333333333,0.5,0.1666666666666666,19.0,Seeded original 50/50 model,22.0,0.671875,7.0,0.203125,32,33.59375,10.15625
2026,4,20,James Cook III,BUF,NE,41.40625,C,1.0,1.0,0.0,22.0,Seeded original 50/50 model,12.0,0.359375,15.5,0.46875,32,17.96875,23.4375
2026,4,21,Javonte Williams,DAL,HOU,41.40625,C,0.75,0.76,0.01,21.33333333333333,Seeded original 50/50 model,14.0,0.421875,13.5,0.40625,32,21.09375,20.3125
2026,4,22,Chuba Hubbard,CAR,DET,40.625,C,0.7058823529411765,0.8260869565217391,0.1202046035805626,19.33333333333333,Seeded original 50/50 model,19.0,0.578125,8.0,0.234375,32,28.90625,11.71875
2026,4,23,D'Andre Swift,CHI,NYJ,40.625,C,0.6153846153846154,0.8,0.1846153846153846,18.0,Seeded original 50/50 model,23.0,0.703125,4.0,0.109375,32,35.15625,5.46875
2026,4,24,Breece Hall,NYJ,CHI,33.59375,C,0.7619047619047619,0.7647058823529411,0.0028011204481792,19.666666666666668,Seeded original 50/50 model,13.0,0.390625,9.5,0.28125,32,19.53125,14.0625
2026,4,25,Omarion Hampton,LAC,SEA,28.125,C,0.8214285714285714,0.625,-0.1964285714285714,22.33333333333333,Seeded original 50/50 model,2.0,0.046875,17.0,0.515625,32,2.34375,25.78125
2026,4,26,Kenneth Walker III,KC,LV,27.34375,C,0.9230769230769232,0.75,-0.1730769230769231,22.0,Seeded original 50/50 model,3.0,0.078125,15.5,0.46875,32,3.90625,23.4375
2026,4,27,Travis Etienne Jr.,NO,ATL,26.5625,C,0.4444444444444444,0.4814814814814814,0.037037037037037,14.333333333333334,Seeded original 50/50 model,17.0,0.515625,1.0,0.015625,32,25.78125,0.78125
2026,4,28,De'Von Achane,MIA,MIN,21.09375,C,0.8,0.15,-0.65,21.33333333333333,Seeded original 50/50 model,1.0,0.015625,13.5,0.40625,32,0.78125,20.3125
2026,4,29,Ashton Jeanty,LV,KC,19.53125,C,0.875,0.7916666666666666,-0.0833333333333333,18.33333333333333,Seeded original 50/50 model,8.0,0.234375,5.5,0.15625,32,11.71875,7.8125
2026,4,30,Bhayshul Tuten,JAX,CIN,18.75,C,0.5909090909090909,0.5769230769230769,-0.013986013986014,15.333333333333334,Seeded original 50/50 model,11.0,0.328125,2.0,0.046875,32,16.40625,2.34375
2026,4,31,Chase Brown,CIN,JAX,17.96875,C,0.9090909090909092,0.8125,-0.096590909090909,18.33333333333333,Seeded original 50/50 model,7.0,0.203125,5.5,0.15625,32,10.15625,7.8125
2026,4,32,Jonathan Taylor,IND,WSH,10.9375,C,1.0,0.8518518518518519,-0.1481481481481481,17.0,Seeded original 50/50 model,5.0,0.140625,3.0,0.078125,32,7.03125,3.90625
