season,week,player,team,actual_carries,final_line,actual_minus_line,over_result,og_rank,og_score,bet_rank,market_bucket,source
2026,1,Jeremiyah Love,ARI,11.0,9.5,1.5,Over,,,,,Verified project history
2026,2,Jeremiyah Love,ARI,9.0,9.5,-0.5,Under,,,,,Verified project history
2026,3,Jeremiyah Love,ARI,21.0,11.5,9.5,Over,,,,,Verified project history
2026,1,Bijan Robinson,ATL,21.0,18.5,2.5,Over,,,,,Verified project history
2026,2,Bijan Robinson,ATL,16.0,18.5,-2.5,Under,,,,,Verified project history
2026,3,Bijan Robinson,ATL,29.0,18.5,10.5,Over,,,,,Verified project history
2026,1,Derrick Henry,BAL,24.0,18.5,5.5,Over,,,,,Verified project history
2026,2,Derrick Henry,BAL,16.0,19.5,-3.5,Under,,,,,Verified project history
2026,3,Derrick Henry,BAL,26.0,18.5,7.5,Over,,,,,Verified project history
2026,1,James Cook III,BUF,13.0,16.5,-3.5,Under,,,,,Verified project history
2026,2,James Cook III,BUF,21.0,17.5,3.5,Over,,,,,Verified project history
2026,3,James Cook III,BUF,24.0,17.5,6.5,Over,,,,,Verified project history
2026,1,Chuba Hubbard,CAR,10.0,12.5,-2.5,Under,,,,,Verified project history
2026,2,Chuba Hubbard,CAR,12.0,13.5,-1.5,Under,,,,,Verified project history
2026,3,Chuba Hubbard,CAR,19.0,16.5,2.5,Over,,,,,Verified project history
2026,1,D'Andre Swift,CHI,18.0,13.5,4.5,Over,,,,,Verified project history
2026,2,D'Andre Swift,CHI,16.0,14.5,1.5,Over,,,,,Verified project history
2026,3,D'Andre Swift,CHI,20.0,15.5,4.5,Over,,,,,Verified project history
2026,1,Chase Brown,CIN,16.0,14.5,1.5,Over,,,,,Verified project history
2026,2,Chase Brown,CIN,20.0,14.5,5.5,Over,,,,,Verified project history
2026,3,Chase Brown,CIN,13.0,15.5,-2.5,Under,,,,,Verified project history
2026,1,Quinshon Judkins,CLE,12.0,15.5,-3.5,Under,,,,,Verified project history
2026,2,Quinshon Judkins,CLE,12.0,13.5,-1.5,Under,,,,,Verified project history
2026,3,Quinshon Judkins,CLE,18.0,16.5,1.5,Over,,,,,Verified project history
2026,1,Javonte Williams,DAL,12.0,18.5,-6.5,Under,,,,,Verified project history
2026,2,Javonte Williams,DAL,12.0,17.5,-5.5,Under,,,,,Verified project history
2026,3,Javonte Williams,DAL,19.0,14.5,4.5,Over,,,,,Verified project history
2026,1,J.K. Dobbins,DEN,8.0,11.5,-3.5,Under,,,,,Verified project history
2026,2,J.K. Dobbins,DEN,10.0,13.5,-3.5,Under,,,,,Verified project history
2026,3,J.K. Dobbins,DEN,17.0,12.5,4.5,Over,,,,,Verified project history
2026,1,Jahmyr Gibbs,DET,29.0,18.5,10.5,Over,,,,,Verified project history
2026,2,Jahmyr Gibbs,DET,16.0,18.5,-2.5,Under,,,,,Verified project history
2026,3,Jahmyr Gibbs,DET,20.0,18.5,1.5,Over,,,,,Verified project history
2026,1,MarShawn Lloyd,GB,13.0,11.5,1.5,Over,,,,,Verified project history
2026,2,MarShawn Lloyd,GB,6.0,13.5,-7.5,Under,,,,,Verified project history
2026,3,MarShawn Lloyd,GB,4.0,6.5,-2.5,Under,,,,,Verified project history
2026,1,David Montgomery,HOU,20.0,13.5,6.5,Over,,,,,Verified project history
2026,2,David Montgomery,HOU,6.0,15.5,-9.5,Under,,,,,Verified project history
2026,3,David Montgomery,HOU,11.0,12.5,-1.5,Under,,,,,Verified project history
2026,1,Jonathan Taylor,IND,19.0,18.5,0.5,Over,,,,,Verified project history
2026,2,Jonathan Taylor,IND,24.0,19.5,4.5,Over,,,,,Verified project history
2026,3,Jonathan Taylor,IND,23.0,19.5,3.5,Over,,,,,Verified project history
2026,1,Bhayshul Tuten,JAX,15.0,12.5,2.5,Over,,,,,Verified project history
2026,2,Bhayshul Tuten,JAX,13.0,12.5,0.5,Over,,,,,Verified project history
2026,3,Bhayshul Tuten,JAX,15.0,12.5,2.5,Over,,,,,Verified project history
2026,1,Kenneth Walker III,KC,23.0,16.5,6.5,Over,,,,,Verified project history
2026,2,Kenneth Walker III,KC,24.0,18.5,5.5,Over,,,,,Verified project history
2026,3,Kenneth Walker III,KC,18.0,17.5,0.5,Over,,,,,Verified project history
2026,1,Omarion Hampton,LAC,12.0,15.5,-3.5,Under,,,,,Verified project history
2026,2,Omarion Hampton,LAC,23.0,16.5,6.5,Over,,,,,Verified project history
2026,3,Omarion Hampton,LAC,15.0,15.5,-0.5,Under,,,,,Verified project history
2026,1,Kyren Williams,LAR,11.0,13.5,-2.5,Under,,,,,Verified project history
2026,2,Kyren Williams,LAR,12.0,13.5,-1.5,Under,,,,,Verified project history
2026,3,Kyren Williams,LAR,15.0,12.5,2.5,Over,,,,,Verified project history
2026,1,Ashton Jeanty,LV,23.0,14.5,8.5,Over,,,,,Verified project history
2026,2,Ashton Jeanty,LV,21.0,15.5,5.5,Over,,,,,Verified project history
2026,3,Ashton Jeanty,LV,19.0,18.5,0.5,Over,,,,,Verified project history
2026,1,De'Von Achane,MIA,11.0,15.5,-4.5,Under,,,,,Verified project history
2026,2,De'Von Achane,MIA,20.0,14.5,5.5,Over,,,,,Verified project history
2026,3,De'Von Achane,MIA,3.0,15.5,-12.5,Under,,,,,Verified project history
2026,1,Aaron Jones Sr.,MIN,12.0,8.5,3.5,Over,,,,,Verified project history
2026,2,Aaron Jones Sr.,MIN,23.0,13.5,9.5,Over,,,,,Verified project history
2026,3,Aaron Jones Sr.,MIN,17.0,13.5,3.5,Over,,,,,Verified project history
2026,1,Rhamondre Stevenson,NE,18.0,15.5,2.5,Over,,,,,Verified project history
2026,2,Rhamondre Stevenson,NE,6.0,12.5,-6.5,Under,,,,,Verified project history
2026,3,Rhamondre Stevenson,NE,7.0,8.5,-1.5,Under,,,,,Verified project history
2026,1,Travis Etienne Jr.,NO,9.0,15.5,-6.5,Under,,,,,Verified project history
2026,2,Travis Etienne Jr.,NO,8.0,10.5,-2.5,Under,,,,,Verified project history
2026,3,Travis Etienne Jr.,NO,13.0,10.5,2.5,Over,,,,,Verified project history
2026,1,Cam Skattebo,NYG,18.0,11.5,6.5,Over,,,,,Verified project history
2026,2,Cam Skattebo,NYG,12.0,14.5,-2.5,Under,,,,,Verified project history
2026,3,Cam Skattebo,NYG,20.0,15.5,4.5,Over,,,,,Verified project history
2026,1,Breece Hall,NYJ,22.0,16.5,5.5,Over,,,,,Verified project history
2026,2,Breece Hall,NYJ,16.0,15.5,0.5,Over,,,,,Verified project history
2026,3,Breece Hall,NYJ,13.0,14.5,-1.5,Under,,,,,Verified project history
2026,1,Saquon Barkley,PHI,15.0,17.5,-2.5,Under,,,,,Verified project history
2026,2,Saquon Barkley,PHI,4.0,18.5,-14.5,Under,,,,,Verified project history
2026,3,Saquon Barkley,PHI,15.0,17.5,-2.5,Under,,,,,Verified project history
2026,1,Jaylen Warren,PIT,10.0,10.5,-0.5,Under,,,,,Verified project history
2026,2,Jaylen Warren,PIT,11.0,10.5,0.5,Over,,,,,Verified project history
2026,3,Jaylen Warren,PIT,17.0,15.5,1.5,Over,,,,,Verified project history
2026,1,Emanuel Wilson,SEA,2.0,,,,,,,,Verified project history
2026,2,Emanuel Wilson,SEA,21.0,,,,,,,,Verified project history
2026,3,Emanuel Wilson,SEA,9.0,,,,,,,,Verified project history
2026,1,Christian McCaffrey,SF,10.0,15.5,-5.5,Under,,,,,Verified project history
2026,2,Christian McCaffrey,SF,10.0,14.5,-4.5,Under,,,,,Verified project history
2026,3,Christian McCaffrey,SF,15.0,13.5,1.5,Over,,,,,Verified project history
2026,1,Bucky Irving,TB,8.0,14.5,-6.5,Under,,,,,Verified project history
2026,2,Bucky Irving,TB,17.0,15.5,1.5,Over,,,,,Verified project history
2026,3,Bucky Irving,TB,15.0,14.5,0.5,Over,,,,,Verified project history
2026,1,Tony Pollard,TEN,7.0,13.5,-6.5,Under,,,,,Verified project history
2026,2,Tony Pollard,TEN,14.0,11.5,2.5,Over,,,,,Verified project history
2026,3,Tony Pollard,TEN,17.0,14.5,2.5,Over,,,,,Verified project history
2026,1,Jacory Croskey-Merritt,WSH,16.0,10.5,5.5,Over,,,,,Verified project history
2026,2,Jacory Croskey-Merritt,WSH,12.0,12.5,-0.5,Under,,,,,Verified project history
2026,3,Jacory Croskey-Merritt,WSH,19.0,10.5,8.5,Over,,,,,Verified project history
